{
  "books": [
    {
      "id": "2",
      "title": "Laravel Basics Book",
      "price": "2700",
      "author": "Mariem",
      "desc": "Welcome to Laravel !"
    },
    {
      "id": "3",
      "title": "Python Basics Book",
      "price": 2500,
      "author": "Ali",
      "desc": "Welcome to Python !"
    },
    {
      "id": "6fb0",
      "title": "C# Basics Book",
      "price": "3000",
      "author": "Zaki",
      "desc": "Welcome to C# !"
    },
    {
      "id": "df69",
      "title": "Java Basics Book",
      "price": "1500",
      "author": "Malek",
      "desc": "Welcome to Java !"
    }
  ]
}